WellID,Depth,YearDrilled,WellType,Geology,Production,Age,ProductionPerDepth
1,1360,2009,Offshore,Sandstone,464,15,0.341176471
2,4272,2010,Offshore,Sandstone,339,14,0.079353933
3,3592,1976,Onshore,Shale,387,48,0.107739421
4,966,1973,Onshore,Shale,297,51,0.307453416
5,4926,1968,Offshore,Sandstone,403,56,0.0818108
6,3944,1999,Offshore,Limestone,176,25,0.044624746
7,3671,1961,Onshore,Shale,124,63,0.033778262
8,3419,2004,Offshore,Sandstone,410,20,0.119918105
9,630,1984,Onshore,Limestone,253,40,0.401587302
10,2185,1998,Onshore,Shale,98,26,0.044851259
11,1269,1968,Onshore,Limestone,128,56,0.100866824
12,2891,2013,Onshore,Limestone,490,11,0.169491525
13,2933,1981,Offshore,Limestone,290,43,0.098874872
14,1684,2002,Onshore,Limestone,398,22,0.236342043
15,3885,2005,Onshore,Shale,203,19,0.052252252
16,4617,1963,Offshore,Shale,323,61,0.069958848
17,3404,1985,Onshore,Shale,145,39,0.042596945
18,974,2017,Offshore,Sandstone,263,7,0.270020534
19,1582,1988,Offshore,Shale,343,36,0.216814159
20,3058,2004,Offshore,Limestone,258,20,0.084368869
21,2547,1993,Onshore,Shale,392,31,0.153906557
22,3247,1982,Offshore,Limestone,137,42,0.042192793
23,1475,1996,Offshore,Sandstone,355,28,0.240677966
24,2306,1970,Onshore,Limestone,313,54,0.135732871
25,689,1965,Offshore,Limestone,474,59,0.687953556
26,3234,1977,Offshore,Limestone,439,47,0.135745207
27,3505,2023,Offshore,Sandstone,374,1,0.106704708
28,2399,1980,Offshore,Shale,477,44,0.198832847
29,1767,2001,Offshore,Shale,426,23,0.241086587
30,2028,1995,Onshore,Sandstone,369,29,0.181952663
31,3702,2000,Offshore,Limestone,206,24,0.055645597
32,4056,1997,Offshore,Shale,205,27,0.050542406
33,4390,1993,Onshore,Sandstone,188,31,0.042824601
34,1146,1976,Onshore,Shale,170,48,0.148342059
35,3388,1996,Onshore,Sandstone,114,28,0.03364817
36,2935,1984,Offshore,Limestone,156,40,0.053151618
37,1100,1997,Onshore,Shale,196,27,0.178181818
38,2863,2017,Offshore,Sandstone,186,7,0.064966818
39,2561,1971,Offshore,Shale,460,53,0.179617337
40,741,1982,Onshore,Shale,211,42,0.284750337
41,2541,2012,Onshore,Shale,477,12,0.18772137
42,3324,2001,Offshore,Shale,149,23,0.044825511
43,3112,1981,Onshore,Sandstone,387,43,0.124357326
44,1863,1980,Offshore,Limestone,448,44,0.240472356
45,1978,1986,Onshore,Sandstone,356,38,0.179979778
46,3056,2016,Onshore,Sandstone,190,8,0.062172775
47,1275,1990,Onshore,Sandstone,132,34,0.103529412
48,4514,1965,Offshore,Limestone,226,59,0.05006646
49,534,1986,Onshore,Shale,247,38,0.462546816
50,3652,1999,Offshore,Shale,161,25,0.044085433
51,2455,1993,Offshore,Shale,105,31,0.042769857
52,2085,1971,Offshore,Limestone,228,53,0.109352518
53,4443,2004,Offshore,Shale,470,20,0.10578438
54,3573,2016,Onshore,Limestone,450,8,0.125944584
55,1521,2012,Offshore,Shale,235,12,0.154503616
56,3961,1966,Offshore,Shale,267,58,0.06740722
57,3113,1969,Onshore,Sandstone,462,55,0.148409894
58,4343,2004,Offshore,Limestone,466,20,0.107299102
59,2000,1976,Onshore,Sandstone,365,48,0.1825
60,661,1985,Offshore,Sandstone,266,39,0.402420575
61,4797,1980,Onshore,Sandstone,169,44,0.035230352
62,2481,1987,Offshore,Limestone,488,37,0.196694881
63,1495,2021,Onshore,Limestone,443,3,0.29632107
64,3842,2017,Offshore,Shale,224,7,0.058302967
65,4298,2005,Offshore,Sandstone,72,19,0.016751978
66,1775,2023,Onshore,Shale,262,1,0.147605634
67,1516,1961,Onshore,Sandstone,454,63,0.299472296
68,837,2019,Onshore,Limestone,284,5,0.339307049
69,1378,2013,Onshore,Limestone,62,11,0.044992743
70,1576,2002,Offshore,Limestone,150,22,0.095177665
71,4493,1960,Offshore,Sandstone,466,64,0.103716893
72,879,2010,Onshore,Limestone,73,14,0.083048919
73,992,2012,Offshore,Sandstone,413,12,0.416330645
74,2562,1995,Onshore,Shale,60,29,0.023419204
75,4384,2010,Onshore,Sandstone,322,14,0.073448905
76,564,1985,Offshore,Shale,480,39,0.85106383
77,3068,1988,Offshore,Sandstone,330,36,0.10756193
78,2527,1980,Offshore,Shale,143,44,0.056588841
79,3195,1970,Offshore,Limestone,250,54,0.078247261
80,1995,1999,Offshore,Shale,70,25,0.035087719
81,891,1970,Offshore,Limestone,389,54,0.436588103
82,4974,2023,Offshore,Limestone,260,1,0.052271813
83,4061,1995,Onshore,Shale,189,29,0.046540261
84,2778,2008,Onshore,Sandstone,342,16,0.123110151
85,3599,2018,Onshore,Sandstone,347,6,0.096415671
86,700,1998,Onshore,Sandstone,450,26,0.642857143
87,3604,1999,Onshore,Sandstone,150,25,0.041620422
88,2954,1994,Offshore,Sandstone,353,30,0.119498984
89,4145,2013,Onshore,Limestone,408,11,0.098431846
90,1304,1993,Onshore,Sandstone,77,31,0.05904908
91,3231,2014,Onshore,Limestone,90,10,0.027855153
92,3273,2006,Onshore,Limestone,404,18,0.123434158
93,2070,1983,Onshore,Limestone,352,41,0.170048309
94,3190,2013,Onshore,Shale,195,11,0.061128527
95,4340,1981,Onshore,Shale,305,43,0.070276498
96,1528,1964,Offshore,Limestone,276,60,0.180628272
97,1002,2015,Offshore,Shale,285,9,0.284431138
98,4993,1992,Onshore,Sandstone,410,32,0.082114961
99,1370,2017,Offshore,Sandstone,429,7,0.313138686
100,4988,1995,Offshore,Limestone,62,29,0.012429832
101,706,2006,Offshore,Sandstone,259,18,0.366855524
102,1984,1979,Offshore,Limestone,278,45,0.140120968
103,1363,1978,Onshore,Limestone,446,46,0.327219369
104,3290,1994,Offshore,Sandstone,149,30,0.045288754
105,1063,2011,Offshore,Shale,80,13,0.075258702
106,4691,2002,Offshore,Sandstone,435,22,0.092730761
107,2257,1976,Onshore,Sandstone,65,48,0.028799291
108,2178,2021,Onshore,Limestone,186,3,0.085399449
109,3742,2018,Onshore,Limestone,378,6,0.1010155
110,1559,2004,Onshore,Limestone,215,20,0.137908916
111,2222,2002,Onshore,Limestone,359,22,0.161566157
112,3814,1993,Onshore,Shale,489,31,0.128211851
113,3657,1968,Onshore,Shale,149,56,0.040743779
114,3125,1985,Offshore,Shale,158,39,0.05056
115,3229,1961,Offshore,Limestone,392,63,0.121399814
116,2097,2012,Offshore,Limestone,222,12,0.105865522
117,3560,1968,Onshore,Limestone,286,56,0.080337079
118,3193,1968,Onshore,Shale,211,56,0.066082054
119,4127,1999,Onshore,Limestone,442,25,0.107099588
120,1863,1976,Onshore,Sandstone,265,48,0.142243693
121,2481,1960,Onshore,Sandstone,313,64,0.126158807
122,2163,1984,Offshore,Limestone,312,40,0.144244105
123,2029,2020,Offshore,Sandstone,341,4,0.168063085
124,2538,2002,Onshore,Sandstone,323,22,0.127265563
125,3802,1999,Onshore,Shale,52,25,0.013677012
126,2737,2001,Onshore,Limestone,77,23,0.028132992
127,1806,1984,Onshore,Limestone,375,40,0.207641196
128,4529,1998,Offshore,Shale,477,26,0.105321263
129,3175,1994,Onshore,Sandstone,198,30,0.062362205
130,1782,1962,Onshore,Sandstone,77,62,0.043209877
131,1209,2009,Onshore,Limestone,359,15,0.29693962
132,4913,1996,Onshore,Sandstone,487,28,0.099124771
133,4248,2003,Offshore,Shale,114,21,0.026836158
134,1163,2003,Onshore,Shale,405,21,0.348237317
135,2498,2010,Onshore,Limestone,70,14,0.028022418
136,3945,1989,Offshore,Shale,301,35,0.076299113
137,4243,1997,Offshore,Shale,284,27,0.066933773
138,1995,1993,Offshore,Limestone,276,31,0.138345865
139,3804,1971,Onshore,Shale,62,53,0.016298633
140,4263,1978,Onshore,Shale,362,46,0.084916725
141,2353,1996,Offshore,Shale,98,28,0.041648959
142,1791,2003,Offshore,Sandstone,167,21,0.093243998
143,4081,2018,Offshore,Limestone,103,6,0.025238912
144,3957,2018,Offshore,Limestone,187,6,0.047258024
145,2136,2008,Offshore,Limestone,102,16,0.047752809
146,4196,2020,Offshore,Sandstone,93,4,0.022163966
147,3499,1976,Onshore,Sandstone,352,48,0.100600171
148,3652,1969,Onshore,Limestone,102,55,0.027929901
149,1198,2016,Onshore,Sandstone,123,8,0.102671119
150,2660,2014,Offshore,Limestone,95,10,0.035714286
151,4597,2008,Offshore,Sandstone,62,16,0.013487057
152,1354,2006,Offshore,Shale,214,18,0.158050222
153,3974,1971,Offshore,Shale,151,53,0.03799698
154,2207,2021,Offshore,Limestone,329,3,0.149071137
155,3277,1975,Offshore,Sandstone,307,49,0.093683247
156,2233,1983,Onshore,Sandstone,386,41,0.172861621
157,4010,1978,Onshore,Shale,405,46,0.100997506
158,702,1967,Offshore,Shale,447,57,0.636752137
159,3755,1990,Onshore,Sandstone,187,34,0.049800266
160,4718,1980,Offshore,Sandstone,212,44,0.044934294
161,4996,1976,Onshore,Sandstone,458,48,0.091673339
162,1266,1982,Offshore,Sandstone,436,42,0.344391785
163,4889,1996,Offshore,Sandstone,160,28,0.032726529
164,2827,2013,Onshore,Sandstone,151,11,0.053413513
165,3431,1975,Onshore,Limestone,66,49,0.019236374
166,697,1965,Offshore,Sandstone,317,59,0.454806313
167,2430,1967,Offshore,Shale,231,57,0.095061728
168,4082,1984,Onshore,Limestone,421,40,0.103135718
169,1108,1977,Onshore,Sandstone,73,47,0.065884477
170,3772,1984,Offshore,Shale,78,40,0.020678685
171,1647,1971,Onshore,Limestone,220,53,0.133576199
172,4782,1974,Offshore,Shale,458,50,0.095775826
173,3897,2018,Offshore,Sandstone,277,6,0.071080318
174,3011,1985,Offshore,Sandstone,427,39,0.141813351
175,2294,2000,Offshore,Sandstone,237,24,0.10331299
176,1159,2004,Onshore,Sandstone,395,20,0.340811044
177,3311,1985,Onshore,Limestone,279,39,0.084264573
178,1869,2006,Onshore,Limestone,370,18,0.197966827
179,2486,1991,Onshore,Shale,389,33,0.156476267
180,646,1969,Onshore,Sandstone,168,55,0.26006192
181,3719,1975,Onshore,Shale,205,49,0.055122345
182,3411,1966,Onshore,Limestone,321,58,0.0941073
183,2234,1976,Offshore,Sandstone,224,48,0.100268577
184,2343,1982,Onshore,Sandstone,153,42,0.065300896
185,988,1985,Onshore,Limestone,141,39,0.142712551
186,3476,1980,Offshore,Limestone,235,44,0.067606444
187,2459,1981,Onshore,Limestone,332,43,0.135014233
188,2885,2017,Onshore,Limestone,230,7,0.079722704
189,3419,1966,Offshore,Limestone,219,58,0.064053817
190,2302,1973,Onshore,Sandstone,236,51,0.102519548
191,4561,1974,Onshore,Limestone,224,50,0.049112037
192,3869,2012,Onshore,Sandstone,271,12,0.070043939
193,762,1966,Offshore,Sandstone,282,58,0.37007874
194,1123,1968,Onshore,Limestone,211,56,0.187889581
195,1516,2010,Onshore,Limestone,470,14,0.310026385
196,4143,2007,Offshore,Sandstone,183,17,0.044170891
197,2549,1967,Onshore,Limestone,440,57,0.172616712
198,4223,2009,Offshore,Limestone,273,15,0.064645986
199,3608,2018,Offshore,Limestone,202,6,0.055986696
200,4590,1982,Onshore,Shale,82,42,0.017864924
201,2556,1988,Offshore,Sandstone,104,36,0.040688576
202,3670,1977,Offshore,Shale,491,47,0.133787466
203,2182,1990,Onshore,Limestone,56,34,0.025664528
204,2755,1989,Offshore,Shale,293,35,0.106352087
205,1654,2011,Offshore,Limestone,362,13,0.218863362
206,4999,1998,Onshore,Shale,175,26,0.035007001
207,3691,1994,Onshore,Limestone,61,30,0.016526687
208,2196,1977,Onshore,Shale,65,47,0.029599271
209,4491,2018,Offshore,Shale,257,6,0.057225562
210,2148,2001,Onshore,Shale,92,23,0.04283054
211,1945,1998,Offshore,Sandstone,422,26,0.216966581
212,4699,1976,Offshore,Shale,184,48,0.039157268
213,4423,1973,Offshore,Sandstone,277,51,0.062627176
214,753,1990,Offshore,Limestone,160,34,0.2124834
215,3683,1983,Offshore,Shale,356,41,0.096660331
216,3057,1994,Offshore,Limestone,209,30,0.068367681
217,598,2003,Offshore,Limestone,380,21,0.635451505
218,2700,2019,Onshore,Shale,313,5,0.115925926
219,3461,2004,Onshore,Sandstone,274,20,0.079167871
220,4933,1993,Offshore,Shale,266,31,0.053922562
221,4277,1962,Offshore,Limestone,94,62,0.021978022
222,3369,1996,Onshore,Limestone,263,28,0.078064708
223,3734,2002,Offshore,Shale,108,22,0.028923407
224,4291,1999,Onshore,Sandstone,181,25,0.04218131
225,1456,1985,Onshore,Sandstone,153,39,0.105082418
226,4567,2014,Onshore,Limestone,244,10,0.053426757
227,660,1982,Offshore,Limestone,462,42,0.7
228,4993,2003,Offshore,Sandstone,206,21,0.041257761
229,1800,1998,Onshore,Shale,147,26,0.081666667
230,4487,1974,Onshore,Limestone,275,50,0.061288166
231,2027,2015,Onshore,Sandstone,461,9,0.227429699
232,1718,2008,Onshore,Limestone,254,16,0.147846333
233,4996,1963,Onshore,Shale,128,61,0.025620496
234,3604,1988,Offshore,Sandstone,173,36,0.04800222
235,3235,1981,Onshore,Limestone,477,43,0.147449768
236,1454,1984,Offshore,Shale,267,40,0.183631362
237,3946,1972,Onshore,Limestone,53,52,0.013431323
238,1545,1977,Offshore,Shale,139,47,0.089967638
239,2193,1992,Offshore,Shale,153,32,0.069767442
240,3936,1975,Offshore,Sandstone,442,49,0.112296748
241,1062,2004,Offshore,Shale,168,20,0.15819209
242,2985,2001,Offshore,Limestone,182,23,0.060971524
243,3854,2003,Offshore,Shale,361,21,0.093668915
244,725,2021,Onshore,Shale,145,3,0.2
245,1459,1961,Offshore,Sandstone,483,63,0.331048663
246,3567,2014,Onshore,Shale,380,10,0.1065321
247,1315,1994,Offshore,Shale,192,30,0.146007605
248,3620,2001,Offshore,Limestone,337,23,0.093093923
249,516,1993,Onshore,Sandstone,77,31,0.149224806
250,1743,1989,Offshore,Sandstone,327,35,0.187607573
251,2705,2018,Onshore,Sandstone,282,6,0.104251386
252,3024,2014,Onshore,Shale,66,10,0.021825397
253,1569,1972,Onshore,Sandstone,108,52,0.068833652
254,3944,1972,Onshore,Shale,139,52,0.035243408
255,3065,1977,Offshore,Shale,248,47,0.08091354
256,1560,1991,Offshore,Limestone,411,33,0.263461538
257,2827,1991,Onshore,Limestone,490,33,0.173328617
258,3920,1994,Offshore,Limestone,75,30,0.019132653
259,801,2018,Offshore,Limestone,74,6,0.092384519
260,4776,1998,Onshore,Limestone,443,26,0.092755444
261,1106,2005,Offshore,Shale,350,19,0.316455696
262,3670,2011,Onshore,Shale,388,13,0.105722071
263,1199,1988,Onshore,Sandstone,316,36,0.263552961
264,1639,2021,Offshore,Shale,230,3,0.140329469
265,690,2008,Offshore,Shale,409,16,0.592753623
266,2800,1988,Offshore,Limestone,117,36,0.041785714
267,1480,2021,Onshore,Shale,400,3,0.27027027
268,3475,2012,Onshore,Limestone,461,12,0.132661871
269,1684,2003,Offshore,Sandstone,370,21,0.219714964
270,3827,2016,Offshore,Sandstone,98,8,0.025607525
271,3894,1975,Offshore,Shale,224,49,0.057524397
272,627,2015,Offshore,Sandstone,101,9,0.16108453
273,2565,2003,Onshore,Shale,151,21,0.058869396
274,2316,2006,Offshore,Sandstone,265,18,0.114421416
275,1069,2016,Onshore,Limestone,487,8,0.455565949
276,2395,1969,Onshore,Limestone,237,55,0.098956159
277,3233,1989,Offshore,Limestone,106,35,0.032786885
278,4363,1984,Offshore,Limestone,96,40,0.022003209
279,4514,2022,Offshore,Shale,208,2,0.046078866
280,3401,1998,Onshore,Sandstone,223,26,0.06556895
281,2186,1979,Offshore,Shale,291,45,0.133119854
282,3509,1964,Offshore,Limestone,331,60,0.094328869
283,654,1960,Onshore,Shale,290,64,0.443425076
284,3037,1989,Offshore,Sandstone,419,35,0.137965097
285,1909,2008,Onshore,Shale,54,16,0.028287061
286,4557,1962,Offshore,Sandstone,133,62,0.029185868
287,1284,2004,Onshore,Shale,357,20,0.278037383
288,3675,1973,Offshore,Sandstone,410,51,0.111564626
289,4841,2015,Offshore,Sandstone,297,9,0.061350961
290,3306,1989,Onshore,Limestone,103,35,0.031155475
291,1037,2009,Onshore,Sandstone,210,15,0.202507232
292,2341,1963,Offshore,Limestone,483,61,0.206322085
293,2955,1977,Onshore,Limestone,471,47,0.159390863
294,1024,2021,Onshore,Limestone,460,3,0.44921875
295,3450,1996,Onshore,Shale,275,28,0.079710145
296,4631,1984,Onshore,Shale,64,40,0.013819909
297,4615,2007,Offshore,Shale,273,17,0.05915493
298,2868,1960,Offshore,Shale,110,64,0.038354254
299,4347,2012,Onshore,Sandstone,171,12,0.039337474
300,4995,2005,Onshore,Sandstone,326,19,0.065265265
301,3201,1974,Onshore,Shale,95,50,0.029678226
302,1471,1968,Onshore,Sandstone,439,56,0.298436438
303,1666,1974,Offshore,Sandstone,343,50,0.205882353
304,3274,2008,Offshore,Limestone,111,16,0.033903482
305,2482,2016,Onshore,Limestone,135,8,0.05439162
306,1353,1983,Onshore,Limestone,495,41,0.365853659
307,4646,1963,Onshore,Limestone,259,61,0.055746879
308,4236,1971,Offshore,Sandstone,127,53,0.029981114
309,4269,2018,Onshore,Shale,251,6,0.058795971
310,1074,2017,Offshore,Sandstone,351,7,0.326815642
311,3761,1996,Onshore,Sandstone,446,28,0.118585483
312,1648,2020,Offshore,Sandstone,272,4,0.165048544
313,2215,1996,Onshore,Limestone,271,28,0.12234763
314,4354,2002,Offshore,Limestone,52,22,0.011943041
315,2991,2019,Onshore,Limestone,55,5,0.018388499
316,3160,1965,Onshore,Shale,142,59,0.044936709
317,3624,1998,Onshore,Sandstone,57,26,0.015728477
318,3551,2015,Offshore,Shale,477,9,0.134328358
319,504,2022,Onshore,Limestone,284,2,0.563492063
320,1376,2005,Offshore,Shale,157,19,0.114098837
321,1491,1983,Offshore,Sandstone,210,41,0.14084507
322,4642,1970,Onshore,Sandstone,258,54,0.055579492
323,4864,2021,Onshore,Limestone,289,3,0.059416118
324,4965,1972,Onshore,Limestone,380,52,0.07653575
325,1135,1993,Offshore,Shale,382,31,0.336563877
326,2193,1984,Onshore,Limestone,99,40,0.045143639
327,2182,1966,Offshore,Limestone,60,58,0.027497709
328,619,2011,Offshore,Sandstone,400,13,0.646203554
329,1330,1963,Onshore,Limestone,205,61,0.154135338
330,4175,2018,Onshore,Limestone,119,6,0.028502994
331,1869,1967,Onshore,Sandstone,218,57,0.116639914
332,1240,1979,Onshore,Sandstone,321,45,0.258870968
333,616,1988,Onshore,Shale,117,36,0.189935065
334,3338,2022,Onshore,Limestone,404,2,0.121030557
335,1650,2013,Offshore,Sandstone,301,11,0.182424242
336,2431,2012,Offshore,Shale,97,12,0.039901275
337,1512,2010,Offshore,Shale,233,14,0.154100529
338,2164,2004,Onshore,Limestone,369,20,0.17051756
339,1581,2005,Offshore,Limestone,236,19,0.149272612
340,1012,1969,Offshore,Shale,139,55,0.137351779
341,3349,2002,Offshore,Sandstone,495,22,0.147805315
342,1059,1993,Offshore,Shale,381,31,0.359773371
343,4172,2016,Offshore,Limestone,188,8,0.04506232
344,3843,1985,Onshore,Sandstone,406,39,0.10564663
345,4570,2000,Onshore,Sandstone,138,24,0.030196937
346,1970,2008,Offshore,Shale,323,16,0.163959391
347,1080,2017,Offshore,Limestone,68,7,0.062962963
348,2794,1962,Offshore,Shale,360,62,0.12884753
349,3647,2015,Onshore,Shale,407,9,0.111598574
350,4749,1965,Onshore,Shale,423,59,0.089071383
351,2179,1964,Offshore,Sandstone,203,60,0.093162001
352,4006,1964,Onshore,Sandstone,439,60,0.109585622
353,3244,2013,Onshore,Limestone,309,11,0.095252774
354,3856,2006,Offshore,Limestone,157,18,0.040715768
355,4545,1982,Onshore,Shale,420,42,0.092409241
356,1743,2008,Onshore,Shale,334,16,0.191623637
357,3618,1968,Offshore,Shale,108,56,0.029850746
358,2641,1994,Onshore,Limestone,174,30,0.065884135
359,3559,1979,Onshore,Sandstone,403,45,0.113234055
360,3459,2017,Offshore,Sandstone,322,7,0.093090489
361,2765,2008,Onshore,Shale,156,16,0.05641953
362,2979,2020,Onshore,Shale,348,4,0.116817724
363,2135,2018,Offshore,Shale,294,6,0.137704918
364,2257,2001,Offshore,Shale,385,23,0.170580416
365,4952,1994,Offshore,Limestone,499,30,0.100767367
366,2570,2009,Onshore,Sandstone,467,15,0.181712062
367,3349,1977,Offshore,Shale,296,47,0.088384592
368,3751,2021,Onshore,Limestone,57,3,0.015195948
369,4230,1976,Offshore,Shale,190,48,0.044917258
370,2989,1983,Onshore,Shale,411,41,0.137504182
371,2131,1962,Offshore,Sandstone,57,62,0.026748006
372,3316,1991,Offshore,Shale,401,33,0.12092883
373,1515,1994,Offshore,Sandstone,143,30,0.094389439
374,1848,1997,Offshore,Sandstone,370,27,0.20021645
375,3587,1972,Onshore,Sandstone,476,52,0.132701422
376,3339,2015,Offshore,Limestone,88,9,0.026355196
377,835,2020,Offshore,Limestone,130,4,0.155688623
378,1395,2006,Onshore,Sandstone,236,18,0.169175627
379,4046,1984,Offshore,Shale,133,40,0.032871972
380,1351,1968,Onshore,Sandstone,137,56,0.101406366
381,2187,1963,Offshore,Shale,291,61,0.133058985
382,2431,1973,Offshore,Sandstone,391,51,0.160839161
383,4246,1996,Offshore,Shale,142,28,0.033443241
384,2927,1993,Onshore,Limestone,135,31,0.04612231
385,2068,1970,Offshore,Shale,93,54,0.044970986
386,4500,2000,Offshore,Sandstone,186,24,0.041333333
387,3238,2015,Offshore,Limestone,470,9,0.145151328
388,3998,1962,Onshore,Shale,123,62,0.030765383
389,4413,2018,Onshore,Shale,85,6,0.019261274
390,1566,1987,Offshore,Shale,150,37,0.095785441
391,4880,1988,Onshore,Shale,205,36,0.042008197
392,2944,1968,Offshore,Shale,475,56,0.161345109
393,4607,1962,Offshore,Limestone,304,62,0.065986542
394,3873,1984,Offshore,Limestone,220,40,0.056803511
395,4469,1993,Offshore,Limestone,265,31,0.059297382
396,3046,1971,Offshore,Limestone,219,53,0.071897571
397,1253,2001,Offshore,Sandstone,301,23,0.240223464
398,2582,1968,Offshore,Limestone,409,56,0.158404338
399,3274,1974,Onshore,Shale,371,50,0.113317043
400,3396,1999,Onshore,Shale,104,25,0.030624264
401,4685,1984,Onshore,Limestone,481,40,0.10266809
402,1275,1964,Onshore,Shale,140,60,0.109803922
403,2125,1970,Onshore,Limestone,327,54,0.153882353
404,3569,2018,Onshore,Shale,150,6,0.042028579
405,917,1993,Onshore,Sandstone,204,31,0.222464558
406,614,1983,Offshore,Sandstone,426,41,0.693811075
407,1116,2019,Offshore,Limestone,398,5,0.356630824
408,4474,1974,Offshore,Limestone,413,50,0.092311131
409,3767,1997,Offshore,Limestone,190,27,0.050438014
410,1325,1967,Onshore,Shale,222,57,0.16754717
411,2016,2018,Onshore,Limestone,59,6,0.029265873
412,3646,1964,Offshore,Sandstone,277,60,0.07597367
413,912,2007,Offshore,Shale,314,17,0.344298246
414,1228,1985,Onshore,Limestone,487,39,0.396579805
415,3848,1977,Offshore,Shale,297,47,0.077182952
416,3308,1965,Offshore,Shale,296,59,0.089480048
417,1175,1996,Offshore,Limestone,204,28,0.173617021
418,3965,2019,Offshore,Shale,83,5,0.020933165
419,3004,2007,Onshore,Sandstone,178,17,0.059254328
420,3467,1972,Offshore,Sandstone,209,52,0.060282665
421,3286,1987,Offshore,Shale,138,37,0.041996348
422,1622,1964,Onshore,Limestone,142,60,0.087546239
423,4579,1972,Onshore,Shale,376,52,0.082113999
424,2071,1976,Offshore,Sandstone,290,48,0.140028972
425,2643,2009,Onshore,Shale,372,15,0.140749149
426,2187,1999,Offshore,Shale,453,25,0.207133059
427,4632,2004,Offshore,Sandstone,166,20,0.035837651
428,4351,1991,Onshore,Shale,143,33,0.032866008
429,3940,2021,Offshore,Shale,212,3,0.053807107
430,4266,1988,Offshore,Limestone,148,36,0.034692921
431,2826,2010,Offshore,Limestone,162,14,0.057324841
432,3414,2017,Offshore,Sandstone,408,7,0.119507909
433,4452,1962,Onshore,Sandstone,140,62,0.031446541
434,1095,2015,Onshore,Sandstone,395,9,0.360730594
435,1228,1999,Offshore,Limestone,255,25,0.207654723
436,1865,1993,Onshore,Sandstone,66,31,0.03538874
437,4992,1999,Offshore,Sandstone,323,25,0.064703526
438,1198,1986,Offshore,Sandstone,222,38,0.185308848
439,895,1972,Offshore,Limestone,165,52,0.184357542
440,4671,2004,Offshore,Shale,398,20,0.085206594
441,4860,1992,Offshore,Sandstone,230,32,0.047325103
442,3002,1965,Onshore,Shale,140,59,0.046635576
443,2319,1983,Offshore,Sandstone,131,41,0.056489866
444,1217,1978,Onshore,Shale,373,46,0.306491372
445,3282,1975,Onshore,Limestone,498,49,0.151736746
446,4077,1999,Offshore,Limestone,163,25,0.039980378
447,643,1987,Offshore,Sandstone,306,37,0.475894246
448,3640,1992,Offshore,Shale,107,32,0.029395604
449,4991,2018,Offshore,Limestone,203,6,0.040673212
450,3438,2018,Offshore,Sandstone,414,6,0.120418848
451,4136,2007,Onshore,Sandstone,453,17,0.109526112
452,3722,2000,Offshore,Limestone,165,24,0.044331005
453,1667,1972,Offshore,Limestone,392,52,0.235152969
454,3116,2002,Onshore,Sandstone,315,22,0.101091142
455,1562,2004,Onshore,Shale,364,20,0.233034571
456,2656,1984,Offshore,Shale,252,40,0.094879518
457,3482,2012,Onshore,Shale,90,12,0.025847214
458,3794,2001,Offshore,Sandstone,154,23,0.040590406
459,1656,1995,Onshore,Limestone,438,29,0.264492754
460,1232,2022,Onshore,Sandstone,427,2,0.346590909
461,4830,1986,Offshore,Limestone,242,38,0.05010352
462,1453,1997,Onshore,Shale,450,27,0.309704061
463,3039,2019,Onshore,Shale,327,5,0.107601185
464,3824,1966,Onshore,Limestone,403,58,0.105387029
465,3801,1964,Onshore,Limestone,286,60,0.075243357
466,2042,2002,Onshore,Sandstone,474,22,0.232125367
467,1691,2004,Onshore,Shale,270,20,0.159668835
468,3493,2017,Offshore,Sandstone,117,7,0.033495563
469,3181,2016,Offshore,Sandstone,246,8,0.077334172
470,1717,2010,Onshore,Sandstone,305,14,0.177635411
471,2040,1990,Offshore,Shale,188,34,0.092156863
472,3736,1982,Offshore,Sandstone,361,42,0.096627409
473,2886,2001,Offshore,Sandstone,484,23,0.167706168
474,4219,1969,Onshore,Sandstone,198,55,0.046930552
475,1888,1991,Offshore,Sandstone,148,33,0.078389831
476,2356,2002,Onshore,Sandstone,125,22,0.053056027
477,1865,2012,Offshore,Sandstone,331,12,0.177479893
478,999,1989,Onshore,Shale,420,35,0.42042042
479,2180,1998,Onshore,Sandstone,452,26,0.20733945
480,1010,1990,Offshore,Limestone,158,34,0.156435644
481,4812,1977,Offshore,Sandstone,237,47,0.04925187
482,1824,1995,Onshore,Sandstone,248,29,0.135964912
483,1655,1961,Offshore,Shale,352,63,0.212688822
484,2327,1973,Offshore,Shale,376,51,0.161581435
485,3641,1972,Offshore,Limestone,203,52,0.055753914
486,3986,1988,Onshore,Limestone,89,36,0.022328149
487,2310,1971,Onshore,Shale,182,53,0.078787879
488,3423,1998,Offshore,Shale,454,26,0.132632194
489,2714,1961,Offshore,Sandstone,181,63,0.066691231
490,4686,1991,Offshore,Shale,328,33,0.069995732
491,1213,1972,Onshore,Limestone,411,52,0.338829349
492,4102,2005,Onshore,Sandstone,133,19,0.032423208
493,4634,1986,Offshore,Limestone,448,38,0.096676737
494,4022,2008,Offshore,Sandstone,291,16,0.072352064
495,4768,2000,Offshore,Shale,165,24,0.034605705
496,1743,1976,Offshore,Limestone,158,48,0.090648308
497,4209,1999,Offshore,Sandstone,270,25,0.064148254
498,1581,1990,Offshore,Sandstone,441,34,0.278937381
499,955,1993,Onshore,Shale,90,31,0.094240838
500,1394,2019,Offshore,Shale,417,5,0.299139168
501,1884,2023,Onshore,Shale,196,1,0.10403397
502,2458,1983,Offshore,Limestone,161,41,0.065500407
503,3572,2004,Offshore,Sandstone,152,20,0.042553191
504,2496,1994,Onshore,Shale,95,30,0.038060897
505,4785,2007,Onshore,Limestone,461,17,0.096342738
506,1004,1965,Onshore,Limestone,373,59,0.371513944
507,1714,1978,Onshore,Limestone,427,46,0.249124854
508,2031,1989,Offshore,Shale,320,35,0.157557853
509,3940,1966,Onshore,Shale,470,58,0.11928934
510,1323,1969,Offshore,Sandstone,434,55,0.328042328
511,1428,2000,Onshore,Sandstone,244,24,0.170868347
512,633,1991,Offshore,Shale,416,33,0.657187994
513,2605,1993,Offshore,Limestone,329,31,0.126295585
514,4127,2022,Offshore,Limestone,332,2,0.080445844
515,2352,1987,Offshore,Limestone,89,37,0.037840136
516,4675,2019,Offshore,Sandstone,496,5,0.106096257
517,3433,1974,Offshore,Limestone,238,50,0.069327119
518,3784,1989,Onshore,Sandstone,213,35,0.056289641
519,4798,1996,Offshore,Sandstone,73,28,0.015214673
520,3311,1988,Onshore,Limestone,73,36,0.02204772
521,1750,1981,Onshore,Limestone,53,43,0.030285714
522,4012,1963,Offshore,Shale,372,61,0.092721834
523,1756,1979,Onshore,Shale,339,45,0.193052392
524,3876,1991,Offshore,Limestone,490,33,0.126418989
525,3986,1995,Onshore,Sandstone,482,29,0.120923231
526,4084,2009,Offshore,Sandstone,230,15,0.056317336
527,1896,1963,Onshore,Sandstone,297,61,0.15664557
528,4137,1986,Offshore,Sandstone,165,38,0.039883974
529,3830,2023,Offshore,Sandstone,328,1,0.085639687
530,3203,1976,Offshore,Shale,414,48,0.129253825
531,970,1971,Offshore,Limestone,118,53,0.121649485
532,1853,1981,Onshore,Shale,400,43,0.215866163
533,3283,1976,Offshore,Sandstone,303,48,0.092293634
534,3331,1969,Onshore,Sandstone,230,55,0.069048334
535,857,2013,Onshore,Sandstone,367,11,0.42823804
536,3519,1960,Onshore,Sandstone,218,64,0.061949417
537,1167,1981,Offshore,Limestone,362,43,0.310197087
538,4968,1985,Onshore,Sandstone,298,39,0.059983897
539,1645,2015,Onshore,Limestone,237,9,0.144072948
540,4685,2018,Onshore,Sandstone,103,6,0.021985059
541,4219,1977,Offshore,Limestone,375,47,0.088883622
542,3245,2009,Offshore,Shale,406,15,0.125115562
543,1039,1973,Onshore,Sandstone,362,51,0.348411935
544,3279,2023,Offshore,Limestone,187,1,0.057029582
545,4636,2006,Offshore,Shale,217,18,0.046807593
546,4275,1988,Onshore,Sandstone,440,36,0.102923977
547,3008,1971,Onshore,Sandstone,152,53,0.050531915
548,3279,1995,Offshore,Sandstone,471,29,0.143641354
549,1424,2018,Onshore,Limestone,134,6,0.094101124
550,3456,1994,Offshore,Limestone,366,30,0.105902778
551,2081,2011,Offshore,Shale,261,13,0.125420471
552,3824,2020,Offshore,Limestone,52,4,0.013598326
553,4985,1971,Offshore,Limestone,433,53,0.086860582
554,755,1966,Offshore,Sandstone,228,58,0.301986755
555,2338,1988,Offshore,Sandstone,391,36,0.167236955
556,2444,1970,Onshore,Sandstone,352,54,0.144026187
557,509,1992,Onshore,Sandstone,381,32,0.748526523
558,3371,1965,Offshore,Sandstone,87,59,0.025808365
559,1297,2006,Offshore,Sandstone,469,18,0.361603701
560,1515,1974,Offshore,Sandstone,288,50,0.19009901
561,2324,1991,Onshore,Shale,218,33,0.093803787
562,4969,2010,Offshore,Shale,446,14,0.08975649
563,3636,1970,Onshore,Shale,392,54,0.107810781
564,2693,2017,Offshore,Shale,363,7,0.13479391
565,723,1982,Offshore,Sandstone,355,42,0.491009682
566,4658,1985,Onshore,Shale,79,39,0.016960069
567,4425,1993,Onshore,Sandstone,239,31,0.054011299
568,4500,2005,Offshore,Shale,406,19,0.090222222
569,2133,1993,Offshore,Limestone,74,31,0.034692921
570,2652,1988,Offshore,Shale,161,36,0.060708899
571,1010,1963,Onshore,Shale,460,61,0.455445545
572,884,1976,Onshore,Sandstone,484,48,0.547511312
573,904,1994,Onshore,Shale,255,30,0.282079646
574,2500,1972,Onshore,Limestone,234,52,0.0936
575,3256,2000,Onshore,Sandstone,431,24,0.132371007
576,2168,1998,Onshore,Sandstone,428,26,0.197416974
577,1960,1974,Offshore,Shale,96,50,0.048979592
578,4136,2014,Offshore,Sandstone,423,10,0.102272727
579,3224,1988,Onshore,Sandstone,277,36,0.085918114
580,4678,1988,Offshore,Sandstone,88,36,0.018811458
581,2548,1970,Offshore,Sandstone,65,54,0.025510204
582,4646,2011,Onshore,Sandstone,71,13,0.015281963
583,1216,1991,Offshore,Sandstone,262,33,0.215460526
584,2323,1961,Onshore,Limestone,359,63,0.154541541
585,2581,2006,Onshore,Shale,198,18,0.076714452
586,3919,1973,Offshore,Limestone,290,51,0.073998469
587,2074,1979,Onshore,Sandstone,321,45,0.154773385
588,749,1981,Onshore,Sandstone,108,43,0.144192256
589,1173,1970,Onshore,Shale,336,54,0.286445013
590,2665,1986,Onshore,Limestone,475,38,0.178236398
591,1270,1962,Onshore,Shale,251,62,0.197637795
592,4462,1976,Onshore,Limestone,81,48,0.018153294
593,4863,2021,Onshore,Sandstone,492,3,0.101172116
594,2484,2003,Onshore,Shale,211,21,0.084943639
595,1577,2015,Offshore,Shale,304,9,0.192771084
596,735,1987,Offshore,Sandstone,303,37,0.412244898
597,888,1988,Offshore,Shale,58,36,0.065315315
598,3537,1980,Onshore,Limestone,188,44,0.053152389
599,2348,2006,Onshore,Limestone,59,18,0.025127768
600,3314,1975,Offshore,Limestone,263,49,0.07936029
601,3874,1996,Offshore,Limestone,322,28,0.083118224
602,3778,2018,Offshore,Sandstone,373,6,0.098729487
603,1752,1979,Onshore,Shale,97,45,0.055365297
604,4481,1965,Offshore,Limestone,485,59,0.108234769
605,2622,1978,Offshore,Sandstone,160,46,0.061022121
606,2650,2016,Onshore,Shale,202,8,0.076226415
607,1829,1964,Offshore,Shale,172,60,0.094040459
608,1858,1962,Onshore,Sandstone,454,62,0.244348762
609,2982,2018,Onshore,Sandstone,406,6,0.136150235
610,2517,1960,Onshore,Limestone,151,64,0.059992054
611,1831,2017,Offshore,Shale,290,7,0.158383397
612,4844,2019,Offshore,Shale,370,5,0.076383154
613,4761,1997,Onshore,Sandstone,240,27,0.050409578
614,1858,1974,Offshore,Shale,266,50,0.143164693
615,3677,1993,Offshore,Limestone,100,31,0.027196084
616,2628,2020,Offshore,Shale,341,4,0.129756469
617,2680,1994,Offshore,Sandstone,130,30,0.048507463
618,637,2023,Onshore,Sandstone,432,1,0.678178964
619,3972,2008,Offshore,Limestone,137,16,0.03449144
620,3332,1984,Onshore,Limestone,243,40,0.072929172
621,4079,1983,Onshore,Shale,153,41,0.037509193
622,3531,1971,Offshore,Shale,320,53,0.090625885
623,4664,1977,Onshore,Sandstone,145,47,0.031089194
624,3093,1974,Offshore,Limestone,472,50,0.152602651
625,4800,2003,Offshore,Limestone,428,21,0.089166667
626,4318,1975,Onshore,Limestone,247,49,0.057202409
627,4638,1986,Onshore,Shale,50,38,0.010780509
628,4323,1967,Onshore,Limestone,456,57,0.105482304
629,4542,2019,Onshore,Sandstone,427,5,0.094011449
630,2406,2005,Offshore,Sandstone,216,19,0.089775561
631,1260,1984,Offshore,Shale,175,40,0.138888889
632,3945,1976,Offshore,Shale,362,48,0.091761724
633,1399,1988,Onshore,Limestone,130,36,0.092923517
634,4955,2012,Onshore,Shale,467,12,0.094248234
635,3447,1967,Onshore,Sandstone,300,57,0.087032202
636,2219,1974,Offshore,Limestone,218,50,0.098242452
637,780,1986,Onshore,Sandstone,122,38,0.156410256
638,3766,2005,Offshore,Limestone,190,19,0.050451407
639,2387,2009,Onshore,Shale,119,15,0.049853372
640,3766,2011,Offshore,Limestone,311,13,0.082580988
641,1166,1966,Offshore,Limestone,389,58,0.333619211
642,4688,1962,Onshore,Sandstone,357,62,0.076151877
643,1171,1988,Onshore,Sandstone,294,36,0.251067464
644,2469,2023,Offshore,Limestone,52,1,0.021061158
645,4656,2003,Offshore,Shale,386,21,0.08290378
646,3622,2012,Onshore,Shale,112,12,0.030922142
647,4400,1983,Onshore,Sandstone,98,41,0.022272727
648,1023,2019,Offshore,Shale,125,5,0.122189638
649,2893,2017,Onshore,Sandstone,417,7,0.14414103
650,3617,1962,Offshore,Shale,224,62,0.061929776
651,3093,1979,Offshore,Limestone,158,45,0.051083091
652,2468,2005,Onshore,Sandstone,232,19,0.094003241
653,2253,1974,Onshore,Sandstone,241,50,0.106968486
654,2796,1984,Onshore,Limestone,114,40,0.040772532
655,2761,1989,Onshore,Sandstone,386,35,0.139804419
656,2786,1973,Onshore,Shale,320,51,0.114860014
657,4702,1966,Offshore,Shale,149,58,0.031688643
658,3378,1976,Offshore,Sandstone,81,48,0.023978686
659,4643,2021,Onshore,Shale,401,3,0.086366573
660,4144,2003,Onshore,Sandstone,177,21,0.042712355
661,4932,1979,Onshore,Limestone,451,45,0.091443633
662,2555,1995,Offshore,Sandstone,418,29,0.163600783
663,1776,1968,Onshore,Limestone,388,56,0.218468468
664,3266,1997,Onshore,Shale,92,27,0.028169014
665,802,2007,Offshore,Limestone,421,17,0.524937656
666,1138,2016,Offshore,Shale,468,8,0.411247803
667,555,2019,Onshore,Sandstone,127,5,0.228828829
668,1025,2022,Onshore,Shale,363,2,0.354146341
669,4623,1981,Onshore,Sandstone,338,43,0.073112697
670,2625,2013,Offshore,Sandstone,319,11,0.12152381
671,3787,2012,Onshore,Limestone,211,12,0.055716926
672,864,2012,Onshore,Limestone,238,12,0.275462963
673,2146,1961,Onshore,Limestone,296,63,0.137931034
674,1418,1983,Offshore,Limestone,437,41,0.308180536
675,3297,1967,Offshore,Shale,265,57,0.080376099
676,2031,1970,Onshore,Shale,364,54,0.179222058
677,3845,2023,Onshore,Shale,462,1,0.120156047
678,2406,1972,Offshore,Sandstone,388,52,0.161263508
679,3586,1976,Offshore,Shale,439,48,0.122420524
680,2575,1967,Offshore,Shale,426,57,0.165436893
681,1213,1980,Offshore,Shale,482,44,0.397361913
682,1562,1977,Offshore,Limestone,217,47,0.138924456
683,2476,1989,Offshore,Shale,388,35,0.156704362
684,1796,2023,Offshore,Sandstone,242,1,0.134743875
685,625,1977,Offshore,Limestone,332,47,0.5312
686,4096,2005,Offshore,Sandstone,385,19,0.093994141
687,3783,2006,Onshore,Shale,439,18,0.116045467
688,2103,1990,Onshore,Limestone,62,34,0.029481693
689,566,1997,Onshore,Sandstone,289,27,0.510600707
690,732,1991,Offshore,Shale,369,33,0.504098361
691,2656,1970,Onshore,Sandstone,495,54,0.186370482
692,1669,2004,Offshore,Sandstone,196,20,0.11743559
693,2658,1984,Offshore,Sandstone,253,40,0.095184349
694,4706,1992,Onshore,Shale,129,32,0.027411815
695,1993,2019,Offshore,Shale,428,5,0.214751631
696,4507,1997,Onshore,Sandstone,92,27,0.020412691
697,2972,2000,Onshore,Limestone,138,24,0.046433378
698,3160,1967,Onshore,Limestone,197,57,0.062341772
699,3239,1970,Offshore,Shale,144,54,0.044458166
700,2261,1981,Onshore,Shale,477,43,0.210968598
701,4014,2010,Offshore,Shale,200,14,0.04982561
702,2475,1983,Onshore,Shale,51,41,0.020606061
703,2862,2000,Onshore,Shale,425,24,0.148497554
704,1376,1976,Onshore,Limestone,71,48,0.051598837
705,4312,1971,Offshore,Shale,420,53,0.097402597
706,3948,2016,Offshore,Sandstone,362,8,0.091691996
707,1812,2005,Offshore,Sandstone,377,19,0.208057395
708,1960,1991,Onshore,Limestone,56,33,0.028571429
709,3209,1974,Onshore,Sandstone,255,50,0.079464007
710,2824,1975,Offshore,Limestone,489,49,0.17315864
711,2233,2013,Offshore,Limestone,424,11,0.189879086
712,2105,1981,Offshore,Sandstone,163,43,0.077434679
713,3063,1987,Offshore,Shale,321,37,0.104799216
714,3921,1979,Offshore,Sandstone,132,45,0.033664881
715,4017,1992,Offshore,Sandstone,228,32,0.056758775
716,2897,1969,Onshore,Limestone,259,55,0.089402831
717,4235,1999,Offshore,Sandstone,377,25,0.089020071
718,3370,1991,Onshore,Limestone,173,33,0.051335312
719,1660,2009,Onshore,Shale,162,15,0.097590361
720,742,2019,Offshore,Shale,61,5,0.082210243
721,3090,1992,Offshore,Shale,175,32,0.056634304
722,1563,1961,Onshore,Sandstone,102,63,0.065259117
723,4824,1992,Offshore,Limestone,380,32,0.078772803
724,3095,1992,Offshore,Shale,438,32,0.141518578
725,1419,2000,Onshore,Limestone,332,24,0.233967583
726,505,1972,Onshore,Limestone,189,52,0.374257426
727,967,1989,Onshore,Shale,450,35,0.465356774
728,4670,1992,Offshore,Shale,439,32,0.094004283
729,503,1972,Onshore,Limestone,146,52,0.290258449
730,1145,2011,Offshore,Shale,54,13,0.047161572
731,617,1985,Onshore,Limestone,106,39,0.171799028
732,3428,1981,Onshore,Limestone,461,43,0.134480747
733,3051,1998,Onshore,Shale,383,26,0.125532612
734,4789,1961,Offshore,Sandstone,118,63,0.0246398
735,1346,1997,Offshore,Shale,167,27,0.124071322
736,3262,1998,Onshore,Sandstone,425,26,0.130288167
737,1641,1985,Onshore,Limestone,108,39,0.065813528
738,2310,2005,Onshore,Limestone,82,19,0.035497835
739,1223,2017,Offshore,Sandstone,367,7,0.300081766
740,724,2009,Onshore,Limestone,99,15,0.136740331
741,4708,1974,Offshore,Sandstone,417,50,0.088572642
742,2548,1993,Onshore,Sandstone,68,31,0.026687598
743,4915,2001,Onshore,Limestone,263,23,0.053509664
744,2073,2014,Onshore,Sandstone,246,10,0.118668596
745,2328,2003,Onshore,Shale,428,21,0.183848797
746,2417,2008,Onshore,Shale,499,16,0.206454282
747,4734,1999,Onshore,Limestone,96,25,0.020278834
748,2526,1970,Offshore,Limestone,216,54,0.085510689
749,4244,2020,Onshore,Sandstone,338,4,0.079641847
750,1401,1962,Offshore,Sandstone,190,62,0.135617416
751,2539,2018,Onshore,Sandstone,133,6,0.052382828
752,509,1965,Onshore,Sandstone,231,59,0.453831041
753,760,1968,Offshore,Shale,440,56,0.578947368
754,2173,1965,Onshore,Shale,128,59,0.05890474
755,2719,1968,Offshore,Limestone,264,56,0.09709452
756,2560,1998,Offshore,Sandstone,63,26,0.024609375
757,4213,1990,Onshore,Sandstone,264,34,0.062663185
758,2119,1991,Offshore,Limestone,452,33,0.213308164
759,820,2000,Offshore,Sandstone,177,24,0.215853659
760,1842,2009,Onshore,Sandstone,359,15,0.194896851
761,2876,1971,Offshore,Sandstone,297,53,0.103268428
762,3332,1967,Onshore,Sandstone,453,57,0.135954382
763,3324,1967,Onshore,Sandstone,78,57,0.023465704
764,2494,2009,Onshore,Limestone,329,15,0.1319166
765,3458,1987,Onshore,Sandstone,387,37,0.111914401
766,2538,2021,Offshore,Limestone,368,3,0.14499606
767,3990,1979,Onshore,Sandstone,251,45,0.062907268
768,4177,2021,Onshore,Shale,410,3,0.098156572
769,1618,2006,Offshore,Shale,106,18,0.065512979
770,2104,2018,Onshore,Shale,441,6,0.20960076
771,4527,2022,Onshore,Shale,267,2,0.058979457
772,735,1966,Offshore,Limestone,111,58,0.151020408
773,2469,1970,Offshore,Limestone,206,54,0.083434589
774,4929,1979,Offshore,Sandstone,251,45,0.050923108
775,2408,1975,Offshore,Shale,66,49,0.027408638
776,875,1963,Offshore,Limestone,371,61,0.424
777,4030,1965,Offshore,Sandstone,55,59,0.013647643
778,3135,2017,Offshore,Sandstone,107,7,0.034130781
779,2070,1981,Onshore,Limestone,374,43,0.180676329
780,3060,1985,Offshore,Shale,461,39,0.150653595
781,3891,2022,Offshore,Sandstone,367,2,0.094320226
782,3465,1962,Offshore,Shale,218,62,0.062914863
783,4143,2022,Onshore,Shale,131,2,0.031619599
784,4350,2000,Onshore,Shale,474,24,0.108965517
785,1372,2019,Offshore,Sandstone,482,5,0.351311953
786,1752,2001,Offshore,Shale,268,23,0.152968037
787,1814,1973,Offshore,Sandstone,226,51,0.124586549
788,3398,1970,Onshore,Shale,253,54,0.074455562
789,577,1977,Onshore,Sandstone,120,47,0.20797227
790,3121,2013,Offshore,Shale,436,11,0.139698814
791,4727,1971,Onshore,Limestone,315,53,0.06663846
792,1100,1982,Offshore,Shale,147,42,0.133636364
793,1565,1971,Onshore,Shale,394,53,0.251757188
794,2636,1972,Onshore,Sandstone,340,52,0.128983308
795,2949,1984,Offshore,Sandstone,257,40,0.087148186
796,2843,2004,Offshore,Shale,51,20,0.017938797
797,2363,2010,Offshore,Limestone,173,14,0.073212019
798,1818,2017,Offshore,Limestone,329,7,0.180968097
799,4097,1978,Onshore,Sandstone,123,46,0.030021967
800,4262,2014,Onshore,Limestone,215,10,0.0504458
801,2690,2005,Onshore,Shale,71,19,0.026394052
802,1492,1995,Offshore,Sandstone,203,29,0.136058981
803,3212,2004,Onshore,Shale,476,20,0.148194271
804,2692,1967,Offshore,Sandstone,488,57,0.18127786
805,1748,1988,Onshore,Sandstone,344,36,0.196796339
806,3554,2014,Offshore,Sandstone,268,10,0.075407991
807,4533,2012,Offshore,Sandstone,206,12,0.045444518
808,2497,2014,Onshore,Limestone,279,10,0.111734081
809,4187,1991,Offshore,Shale,69,33,0.01647958
810,2651,2010,Offshore,Shale,90,14,0.033949453
811,4518,2003,Onshore,Shale,487,21,0.107791058
812,3610,1977,Offshore,Sandstone,197,47,0.054570637
813,2470,1965,Offshore,Limestone,157,59,0.063562753
814,697,1977,Offshore,Shale,452,47,0.648493544
815,3126,1978,Onshore,Limestone,133,46,0.042546385
816,1702,1981,Onshore,Sandstone,416,43,0.244418331
817,2535,1996,Offshore,Shale,371,28,0.146351085
818,977,1991,Onshore,Limestone,463,33,0.473899693
819,1754,2015,Offshore,Sandstone,358,9,0.204104903
820,1422,2000,Offshore,Limestone,339,24,0.238396624
821,919,2018,Offshore,Shale,455,6,0.495103373
822,2704,1962,Offshore,Shale,372,62,0.137573964
823,3097,1987,Offshore,Sandstone,183,37,0.059089441
824,1620,1969,Onshore,Sandstone,256,55,0.158024691
825,3568,2010,Offshore,Sandstone,332,14,0.093049327
826,1450,1994,Onshore,Limestone,315,30,0.217241379
827,2836,2020,Onshore,Limestone,122,4,0.043018336
828,2743,1988,Offshore,Limestone,401,36,0.146190303
829,3145,2013,Offshore,Sandstone,97,11,0.030842607
830,2357,2022,Onshore,Shale,375,2,0.159100552
831,2365,1974,Onshore,Shale,282,50,0.119238901
832,3412,1992,Onshore,Limestone,492,32,0.144196952
833,3353,1966,Offshore,Limestone,149,58,0.044437817
834,3728,1971,Onshore,Shale,108,53,0.028969957
835,4219,2008,Offshore,Shale,307,16,0.072766058
836,3728,1989,Offshore,Limestone,462,35,0.123927039
837,2871,1980,Offshore,Limestone,114,44,0.039707419
838,3391,1990,Onshore,Shale,132,34,0.03892657
839,4256,2017,Offshore,Sandstone,203,7,0.047697368
840,4725,2020,Offshore,Limestone,315,4,0.066666667
841,594,1983,Offshore,Shale,358,41,0.602693603
842,3174,1979,Offshore,Shale,128,45,0.040327662
843,2455,1996,Offshore,Shale,364,28,0.148268839
844,1293,1963,Onshore,Shale,199,61,0.153905646
845,2334,1987,Offshore,Sandstone,484,37,0.207369323
846,2616,2003,Offshore,Shale,97,21,0.037079511
847,4606,2021,Onshore,Limestone,454,3,0.098567086
848,3825,1979,Offshore,Sandstone,428,45,0.111895425
849,3419,2019,Onshore,Shale,297,5,0.086867505
850,3097,1983,Offshore,Sandstone,327,41,0.105586051
851,3705,2009,Onshore,Limestone,405,15,0.109311741
852,1314,2008,Onshore,Shale,147,16,0.111872146
853,845,2010,Offshore,Limestone,463,14,0.547928994
854,2849,1991,Offshore,Shale,74,33,0.025974026
855,862,2000,Offshore,Shale,333,24,0.386310905
856,2943,1995,Onshore,Shale,498,29,0.169215087
857,2765,2017,Onshore,Shale,418,7,0.151175407
858,2688,2012,Onshore,Shale,350,12,0.130208333
859,3505,1993,Offshore,Sandstone,117,31,0.033380884
860,3781,2023,Onshore,Shale,56,1,0.014810897
861,1484,1995,Onshore,Shale,354,29,0.238544474
862,2139,1961,Offshore,Sandstone,186,63,0.086956522
863,1327,1974,Onshore,Sandstone,213,50,0.160512434
864,3230,1993,Onshore,Sandstone,132,31,0.040866873
865,4031,1995,Offshore,Sandstone,434,29,0.107665592
866,4951,1965,Onshore,Sandstone,187,59,0.037770147
867,3435,1998,Offshore,Sandstone,469,26,0.136535662
868,4376,2001,Offshore,Shale,122,23,0.027879342
869,626,2010,Offshore,Shale,286,14,0.45686901
870,3677,2010,Offshore,Limestone,95,14,0.02583628
871,3556,2017,Offshore,Shale,155,7,0.043588301
872,1103,2013,Onshore,Shale,465,11,0.421577516
873,3949,2020,Onshore,Sandstone,337,4,0.08533806
874,4646,1971,Offshore,Sandstone,311,53,0.066939303
875,4033,1962,Offshore,Shale,225,62,0.055789735
876,3867,2004,Onshore,Limestone,215,20,0.055598655
877,3868,1977,Offshore,Sandstone,194,47,0.050155119
878,4297,1999,Offshore,Shale,379,25,0.088201071
879,2292,1980,Offshore,Shale,419,44,0.182809773
880,3361,1974,Onshore,Limestone,332,50,0.098780125
881,3976,1992,Onshore,Limestone,103,32,0.025905433
882,3917,1994,Offshore,Sandstone,227,30,0.057952515
883,2145,1985,Offshore,Limestone,468,39,0.218181818
884,1705,1967,Onshore,Shale,293,57,0.171847507
885,3530,1995,Onshore,Shale,390,29,0.110481586
886,3372,2007,Offshore,Limestone,176,17,0.052194543
887,3572,1989,Offshore,Limestone,458,35,0.128219485
888,2354,1982,Onshore,Limestone,461,42,0.195836873
889,4521,2001,Onshore,Limestone,416,23,0.092015041
890,3208,2003,Onshore,Sandstone,320,21,0.099750623
891,4002,1973,Offshore,Limestone,181,51,0.045227386
892,1832,1973,Onshore,Sandstone,142,51,0.077510917
893,701,1961,Offshore,Shale,428,63,0.610556348
894,4007,2014,Onshore,Limestone,122,10,0.030446718
895,4712,1996,Onshore,Sandstone,460,28,0.09762309
896,1074,1964,Onshore,Limestone,459,60,0.427374302
897,1036,1997,Onshore,Shale,452,27,0.436293436
898,2125,2004,Offshore,Shale,297,20,0.139764706
899,2622,2000,Offshore,Shale,397,24,0.151411137
900,885,2021,Onshore,Limestone,322,3,0.363841808
901,3781,2013,Offshore,Limestone,92,11,0.024332187
902,974,2019,Onshore,Sandstone,426,5,0.437371663
903,917,2020,Onshore,Shale,90,4,0.098146129
904,4100,2006,Onshore,Limestone,219,18,0.053414634
905,1454,1973,Onshore,Shale,483,51,0.33218707
906,1705,2015,Offshore,Shale,261,9,0.153079179
907,4620,1998,Onshore,Sandstone,217,26,0.046969697
908,2490,1984,Onshore,Sandstone,88,40,0.035341365
909,4072,1979,Offshore,Sandstone,418,45,0.102652259
910,4880,1961,Onshore,Sandstone,294,63,0.060245902
911,4658,1998,Onshore,Shale,200,26,0.042936883
912,3213,1965,Onshore,Sandstone,160,59,0.049797697
913,2703,1976,Offshore,Sandstone,485,48,0.179430263
914,3620,2018,Onshore,Sandstone,96,6,0.026519337
915,1466,1984,Offshore,Sandstone,112,40,0.076398363
916,3932,2016,Onshore,Shale,274,8,0.069684639
917,1188,1987,Onshore,Sandstone,415,37,0.349326599
918,4743,1961,Offshore,Shale,118,63,0.024878769
919,4201,1994,Onshore,Limestone,348,30,0.08283742
920,841,1996,Onshore,Shale,481,28,0.571938169
921,2224,1964,Offshore,Shale,339,60,0.152428058
922,4922,2022,Offshore,Sandstone,345,2,0.070093458
923,2292,1960,Offshore,Limestone,252,64,0.109947644
924,2259,1999,Offshore,Limestone,110,25,0.048694112
925,3712,1971,Offshore,Limestone,483,53,0.130118534
926,1489,2015,Onshore,Limestone,367,9,0.246474144
927,2762,1995,Offshore,Shale,363,29,0.131426503
928,2982,2004,Onshore,Limestone,210,20,0.070422535
929,1451,1982,Onshore,Shale,380,42,0.261888353
930,1222,2006,Onshore,Shale,65,18,0.053191489
931,3889,1990,Offshore,Shale,387,34,0.099511443
932,2579,1970,Offshore,Limestone,143,54,0.055447848
933,3217,1969,Onshore,Sandstone,353,55,0.109729562
934,2832,1962,Offshore,Sandstone,187,62,0.066031073
935,3876,2013,Offshore,Limestone,387,11,0.099845201
936,2000,1973,Offshore,Sandstone,87,51,0.0435
937,785,1975,Offshore,Sandstone,176,49,0.224203822
938,3995,1969,Onshore,Shale,324,55,0.081101377
939,2565,1988,Onshore,Shale,213,36,0.083040936
940,1268,1969,Offshore,Limestone,492,55,0.388012618
941,3557,1971,Onshore,Limestone,368,53,0.10345797
942,4789,1989,Offshore,Sandstone,126,35,0.026310294
943,2661,2000,Offshore,Shale,223,24,0.083803082
944,3793,1960,Onshore,Limestone,436,64,0.11494859
945,1446,1964,Onshore,Limestone,407,60,0.281466113
946,3835,1979,Onshore,Limestone,370,45,0.096479791
947,4650,1967,Offshore,Limestone,425,57,0.091397849
948,1981,2002,Onshore,Limestone,140,22,0.070671378
949,2401,1971,Offshore,Limestone,287,53,0.119533528
950,3951,1960,Onshore,Sandstone,313,64,0.079220451
951,4564,2016,Onshore,Shale,228,8,0.049956179
952,554,2023,Offshore,Shale,258,1,0.465703971
953,2323,2013,Offshore,Limestone,122,11,0.052518295
954,3962,1979,Offshore,Shale,439,45,0.110802625
955,3579,1987,Offshore,Shale,156,37,0.043587594
956,1332,2016,Offshore,Shale,394,8,0.295795796
957,4908,2002,Offshore,Limestone,344,22,0.07008965
958,3306,1996,Offshore,Limestone,418,28,0.126436782
959,2990,2006,Offshore,Shale,493,18,0.164882943
960,827,1996,Onshore,Shale,333,28,0.402660218
961,3810,1971,Offshore,Limestone,402,53,0.105511811
962,3800,1996,Offshore,Sandstone,231,28,0.060789474
963,4175,2008,Onshore,Shale,86,16,0.020598802
964,3554,2008,Offshore,Sandstone,186,16,0.052335397
965,2643,2015,Onshore,Shale,387,9,0.146424518
966,1811,2003,Onshore,Sandstone,105,21,0.057979017
967,3691,2015,Offshore,Sandstone,236,9,0.063939312
968,3038,1987,Onshore,Sandstone,390,37,0.12837393
969,4483,2006,Offshore,Limestone,307,18,0.068480928
970,664,1974,Onshore,Sandstone,494,50,0.743975904
971,4777,1965,Onshore,Sandstone,107,59,0.022398995
972,1322,2003,Onshore,Sandstone,412,21,0.311649017
973,1443,2018,Offshore,Shale,172,6,0.119196119
974,4925,2020,Offshore,Sandstone,237,4,0.048121827
975,1274,1979,Onshore,Shale,279,45,0.21899529
976,2698,2009,Onshore,Sandstone,217,15,0.080429948
977,3656,1973,Offshore,Sandstone,469,51,0.128282276
978,4742,1961,Offshore,Limestone,163,63,0.034373682
979,4195,1968,Onshore,Shale,301,56,0.071752086
980,3952,2022,Onshore,Sandstone,156,2,0.039473684
981,1414,1996,Offshore,Shale,86,28,0.060820368
982,1808,1979,Offshore,Shale,384,45,0.212389381
983,4677,1985,Offshore,Limestone,141,39,0.03014753
984,1013,1988,Offshore,Limestone,67,36,0.066140178
985,2420,1960,Offshore,Limestone,403,64,0.166528926
986,4094,2014,Onshore,Limestone,112,10,0.027357108
987,1909,1994,Offshore,Limestone,199,30,0.104243059
988,3690,1965,Onshore,Limestone,188,59,0.050948509
989,4991,1996,Offshore,Limestone,235,28,0.047084753
990,2055,2012,Onshore,Limestone,234,12,0.113868613
991,1304,2018,Offshore,Sandstone,254,6,0.194785276
992,1779,1964,Offshore,Shale,309,60,0.173693086
993,4077,1992,Onshore,Limestone,263,32,0.064508217
994,3401,2008,Onshore,Limestone,305,16,0.089679506
995,1887,2010,Offshore,Shale,184,14,0.097509274
996,3261,1973,Offshore,Sandstone,110,51,0.033731984
997,3179,1971,Offshore,Shale,412,53,0.129600503
998,2606,2001,Offshore,Shale,359,23,0.137759018
999,4723,1979,Offshore,Limestone,137,45,0.029006987
1000,3268,2012,Onshore,Shale,373,12,0.114137087
